conm,label
!/at last software,business
!/at-last software,business
!/at-last software,business
.44 caliber productions inc.,business
".44 caliber productions, inc.",business
(atlanta international record company,business
3rd degree films,business
abingdon press,business
"ad vision, inc.",business
alltel publishing corporation,business
argus media ltd.,business
armacien music,business
"art line, inc.",business
"aspen publishers, inc.",business
at&t yellow pages,business
atv corporation,business
"autodesk, inc.",business
"barbour publishing, inc.",business
"bebe studio, inc.",business
bmg rights management,business
bmg rights management,business
bmg rights management (australia) pty ltd,business
bmg rights management (australia) pty ltd.,business
bmg rights management (benelux) b.v.,business
bmg rights management (france) s.a.r.l.,business
bmg rights management (france) sarl,business
bmg rights management (ireland) ltd.,business
bmg rights management (italy) s.r.l.,business
bmg rights management (italy) srl,business
bmg rights management (scandinavia) ab,business
bmg rights management (uk),business
bmg rights management (uk),business
bmg rights management (uk) limited,business
bmg rights management (uk) llc,business
bmg rights management (uk) ltd,business
bmg rights management (uk) ltd,business
bmg rights management (uk) ltd (primary wave),business
bmg rights management (uk) ltd.,business
bomac international corporation,business
"books on tape, inc.",business
broadman press,business
"burnett companies consolidated, inc.",business
burnett construction company,business
c.v. mosby company,business
"campania international, inc.",business
casa bautista de publicaciones,business
catholic book publishing company,business
cbc consulting group,business
cbs news inc.,business
cbs songs,business
cbs songs (australia) pty. ltd.,business
"cbs songs australia, pty. ltd.",business
"cbs songs do brasil edicoes musicais, ltda.",business
"cbs songs holland, b.v.",business
"cbs songs, editions",business
"cbs songs, edizioni musicali, s.r.l.",business
"cbs songs, inc.",business
"cbs songs, ltd.",business
cbs songs. priority music,business
cbs special products.,business
cbs sports,business
cbs sports network,business
cbs sports network employer for hire of christopher stark,business
"cbs sports special--us open tennis highlights, [9/6/90], 12:30 a.m.",business
"cbs sports, a division of cbs broadcasting inc.",business
"cbs sports, inc.",business
cbs sports.,business
cbs studios inc,business
cbs studios inc,business
cbs studios inc.,business
cbs studios inc.,business
cbs studios productions llc,business
"cbs studios productions, inc.",business
"cbs studios, inc",business
"cbs studios, inc.",business
"cbs studios, inc.",business
"cbs studious, inc.",business
"cbs worldwide, inc.",business
"cbs, inc.",business
cengage learning asia pte ltd,business
cengage learning asia pte ltd.,business
cengage learning inc,business
cengage learning inc.,business
cengage learning inc.,business
cengage learning inc. gale,business
cengage learning inc. gale,business
cengage learning ptr,business
"cengage learning, brooks/cole",business
"cengage learning, course technology",business
"cengage learning, delmar",business
"cengage learning, gale",business
"cengage learning, heinle",business
"cengage learning, inc",business
"cengage learning, inc.",business
"cengage learning, inc.",business
"cengage learning, inc. course technology",business
"cengage learning, inc. delmar",business
"cengage learning, inc. gale",business
"cengage learning, inc. national geographic learning",business
"cengage learning, inc. wadsworth",business
"cengage learning, south-western",business
"cengage learning, wadsworth",business
"cengage learning,inc.",business
cengage learning.,business
cengage learning. brooks/cole,business
cengage learning. course technology,business
cengage learning. course technology,business
cengage learning. delmar,business
cengage learning. gale,business
cengage learning. heinle,business
cengage learning. heinle elt,business
cengage learning. south-western,business
cengage learning. thomson heinle,business
cengage learning. wadsworth,business
cengaqge learning,business
cider mill press book publishers,business
cider mill press book publishers,business
cider mill press book publishers llc,business
cider mill press book publishers llc,business
"cider mill press book publishers, llc",business
cider mill press publishers llc,business
"cider mill press publishers, llc",business
cincinnati reds,business
costar realty information inc,business
"cotton, inc.",business
cpg products corporation. parker brothers music publishing,business
crank it up music,business
critter city music,business
"decatur telephone company, inc.",business
decca,business
decca : b000864-02,business
decca 289 467 267-2,business
decca 289 468 491-2,business
decca 289 470 424-2,business
decca 289 470 437-2,business
decca 289 470 440-2,business
decca 289 470 563-2,business
decca 289 470 573-2,business
decca 440 067 734-2,business
decca 468 487-2dl2,business
decca 473 358-2,business
decca b0001705-02,business
decca broadway 012 159 003-2,business
decca broadway 012 159 254-2,business
decca broadway 314 586 432-2,business
decca broadway 440 014 583-2,business
decca broadway 440 017 565-2,business
decca broadway 440 065 463-2,business
decca broadway 440 067 967-2,business
decca broadway b0002017-02,business
decca grd670,business
decca label group,business
decca label group,business
"decca label group, a div of umg recordings inc",business
"decca label group, a div. of umg recordings inc.",business
"decca label group, a div. of umg recordings, inc",business
"decca label group, a div. of umg recordings, inc.",business
"decca label group, a div. of umg recordings, inc.",business
"decca label group, a div.of umg recordings, inc.",business
"decca muisc group, ltd.",business
decca music group limited,business
decca music group limited,business
dee w productions,business
dee w productions/dante smooth publishing company,business
"delacruz & associates, inc.",business
delafield corporation,business
"delagar products, inc.",business
"delagranage homes, inc.",business
"delagrange homes, inc.",business
delair publishing company,business
"delair publishing company, inc.",business
delaluz pictures llc,business
disney,business
disney - walt disney music co.,business
disney /abc television,business
"disney & associates, pa",business
disney archives,business
"disney art editions, inc.",business
disney babies,business
disney book group,business
"disney book group, l.l.c.",business
"disney book group, l.l.c. d/b/a disney press",business
"disney book group, l.l.c. d/b/a marvel press",business
"disney book group, llc",business
"disney book group, llc",business
"disney book group, llc (marvel press)",business
"disney book group, llc d/b/a disney ? lucasfilm press",business
"disney book group, llc d/b/a disney lucasfilm press",business
"disney book group, llc d/b/a disney press",business
"disney book group, llc d/b/a lucasfilm press",business
"disney book group, llc d/b/a marvel press",business
disney book publishing,business
"disney book publishing, inc.",business
"disney book publishing, inc. fun works",business
disney books by mail,business
disney books by mail,business
disney books by mail,business
"disney books publishing, inc.",business
"disney business productions, llc",business
disney canada inc.,business
disney chanel,business
disney channel,business
disney channel,business
disney channel,business
disney channel,business
disney channel a.a.d.o.,business
disney channel a.a.d.o. abc cable networks grou,business
disney channel a.a.d.o. abc cable networks group,business
disney channel a.a.d.o. abc cable networks group,business
disney channel.,business
disney channel.,business
disney children's book group,business
disney children's book group l.l.c,business
disney children's book group llc,business
disney children's book group llc d/b/a disney press,business
"disney children's book group, l.l. c. d/b/a disney press",business
"disney children's book group, l.l.c.",business
"disney children's book group, l.l.c. d/b/a disney press",business
"disney children's book group, llc",business
"disney children's book group, llc",business
"disney children's book group, llc d/b/a disney press",business
"disney children's book group, llc.",business
"disney children's book group,llc d/b/a disney press",business
"disney children's book, group, llc",business
"disney children's group, llc",business
"disney comics, inc.",business
disney consumer prod latin america inc.,business
disney consumer products,business
"disney consumer products and interactive media, inc.",business
"disney consumer products latin america, inc",business
"disney consumer products latin america, inc.",business
disney creative entertainment,business
disney cruise line,business
"disney destinations, llc",business
disney editions,business
disney educational production,business
disney educational productions,business
"disney enerprises, inc.",business
"disney enterprises, inc.",business
"disney enterprises, inc.",business
"div. of umg recordings, inc.",business
div. of universal music mexico s.a. de c.v.,business
"donaldson, lufkin & jenrette securities corporation",business
"e! entertainment television, llc",business
"edmondson & mcginty, inc.",business
elements/jill schwartz,business
elsevier,business
elsevier inc.,business
"emi april music, inc.",business
"erringen associates, inc.",business
"espn, inc.",business
"fashionlab, inc.",business
"four d productions, inc.",business
fox film music corp.,business
frontier communications corp,business
girls inc,business
glassnote entertainment group llc,business
"go daddy operating company, llc",business
gtr hack music,business
"gumpofwump, inc.",business
hearst business media corporation,business
"herzog veneers, inc.",business
ibm corporation,business
idx systems corporation,business
ii company,business
indomables del norte,business
"ingenix, inc.",business
international business machines corporation,business
"ivory palaces music publishing company, inc.",business
jones & bartlett learning llc,business
jsan publishing,business
just-n-time llc,business
"kids preferred, llc",business
koch international classics,business
"komar & compagnie, s.a.",business
"lifeforms international, inc.",business
lippincott williams & wilkins,business
little jeremy music,business
longitude music company,business
louis berkman company,business
"lunch at the ritz earwear, inc.",business
"m.e. sharpe, inc.",business
"m.g. wagner, inc.",business
madison james publishing corporation,business
malaco inc.,business
"matthew bender & company, inc.",business
"mcgraw-hill companies, inc. mcgraw-hill education. macmillan/mcgraw-hill",business
"mcgraw-hill, inc.",business
"metro productions, inc.",business
mg premium ltd,business
michie company,business
minstrel cycle music,business
"mm fab, inc.",business
"new sensations, inc.",business
"noble arts, inc.",business
o'lucky music,business
"oclc online computer library center, inc.",business
"oriental trading company, inc.",business
pacific northwest bell telephone company,business
"pei licensing, inc.",business
penguin group (usa) inc.,business
pinnacle architectural studio,business
pokemon company international,business
"popular imports, inc.",business
"product resultants, inc.",business
"publication arts, inc.",business
quaker fabric corporation of fall river,business
regular baptist press,business
rival pictures,business
"robert kaufman company, inc.",business
routledge,business
"samsung c&t america, inc.",business
schlessinger media,business
"shubes manufacturing, inc.",business
"sociocyberneering, inc.",business
songs of golgatha music,business
sonoton recorded music library,business
sony bmg music entertainment,business
southwestern bell yellow pages,business
springer science+business media llc,business
startling music ltd,business
"sunbury textile mills, inc.",business
"sunwest silver, inc.",business
"tl enterprises, llc",business
"townsend press, inc.",business
"training authorities, llc",business
truth quest press,business
tuneworks music company,business
universal music publishing ltd.,business
universal press syndicate,business
university press of america,business
viacom international inc.,business
"virgin music (pubs), ltd.",business
"vm software, inc.",business
walt disney company,business
"warner brothers records, inc.",business
warner music uk limited t/a warner bros. uk,business
warner tamerlane corporation,business
warner tamerlane publishing corp,business
"warren communications news, inc.",business
"waypoint technologies, inc.",business
wb music corporation,business
westfield grinding wheel company,business
william b. eerdmans publishing company,business
"world wrestling entertainment, inc.",business
yp intellectual property llc,business
zaner-bloser inc.,business
"zaner-bloser, inc",business
"zaner-bloser, inc.",business
"zaner-blosser, inc.",business
"zaner-bolser, inc.",business
"zaner-bolster, inc.",business
"zaner-boser, inc.",business
zanes folly.,business
golden sunset music,business
"golden sunset productions, inc.",business
"golden swan films & television, b.v.",business
"golden swan films and television, ltd.",business
golden symphonic orchestra,business
"goldwell enterprises, inc.",business
"goldwell international, inc.",business
"goldwellenterprises, inc.",business
"goldwin musical productions, llc",business
"golf in the kingdom, llc",business
"golf inside out, inc.",business
"golf items, inc.",business
golf kings nj llc,business
"golf knowledge, inc.",business
"golf liaison, inc.",business
"physical dynamics, inc.",business
"physical education teaching accessories, inc.",business
"physical effects, inc.",business
"physical electronics industries, inc.",business
"the caddie standard, llc",business
the cage group llc,business
"luxury holidays, inc.",business
luxury home collection llc,business
"lycor, inc.",business
"lydon music, ltd.",business
"lyfe foundation, inc.",business
stop at nothing inc,business
"stop loss services, llc",business
"dynamic publishing company, inc.",business
"dynamic purchasing systems, inc.",business
e.i. dupont de nemours and company,business
e.t browne drug co. inc.,business
ea games,business
eagle creek brewing company,business
earthsea management inc,business
"earthsea management, inc. dba one iron publishing",business
"lucasfilm press a.a.d.o. disney book group, llc",business
"lucasfilm, inc.",business
"lucasfilm, ltd",business
"lucasfilm, ltd",business
the wait disney company italia s.p.a.,business
the walt disney company,business
the walt disney company (argentina) s.a.,business
the walt disney company (india) private limited,business
the walt disney company (japan) ltd,business
the walt disney company (japan) ltd.,business
the walt disney company (japan) ltd.,business
the walt disney company iberia s.l.,business
"the zaneray group, inc.",business
the zany detective llc,business
"united parcel service of america, inc.",business
michigan sugar company,business
michigan sugar company.,business
"microdoc, inc.",business
"microelectronic computer courseware, inc.",business
"mid-america programming service, inc.",business
"mid-america publishers, inc.",business
"midwest matrix, llc",business
"mighty fine films, inc.",business
mighty fine music,business
mighty fine productions llc,business
music tree publishing,business
music trip publishing,business
lana inc dba big hed designs,business
lana marrano music,business
lana music publishing,business
"lana of london, ltd., inc.",business
lanard toys inc.,business
lanard toys limited,business
"lands of the universe registration, llc",business
"lands' end yacht stores, inc.",business
lanfranco music,business
lang marketing resources inc.,business
mustard seed entertainment llc,business
mutual life insurance company of new york,business
mutual of omaha insurance company,business
"insight education group, inc.",business
"insight education systems, llc",business
"mexpo international, inc.",business
"meyco products, inc.",business
mgm-pathe communications company. mgm/ua television group,business
mgm/ua television,business
"payday records, inc",business
"paydirt systems, inc.",business
pca creative llc,business
a.f. herndon elementary school. second grade class,education
abilene christian university (tex.),education
abilene christian university press,education
abilene independent school district (tex.) special education department,education
alameda county bar association,education
alameda county district (ca) attorney's office,education
alameda county district aftorney's office,education
alameda county district attorney,education
alameda county district attorney's office,education
alameda county district attorney's office (ca),education
alameda county social services agency,education
"bank street college of education, new york",education
bju press,education
"burnett elementary school, long beach, calif. 6th grade. room 12",education
college of arts & sciences of mississippi state university,education
college of arts & sciences of mississippi state university - mississippi quarterly,education
college of automotive management,education
"college of automotive management (santa ana, ca)",education
college of business. loyola university (new orleans),education
college of charleston (s. c.),education
college of charleston (s. c.) geology department,education
college of charleston (s. c.) library associates,education
college of charleston (s. c.) robert scott small library,education
college of charleston (sc) alumni association,education
college of charleston foundation,education
college of communication and information sciences,education
"college of william & mary (williamsburg, va) center for gifted education",education
"college of william & mary (williamsburg, va) center for gifted education",education
"college of william & mary (williamsburg, va) school of education. center for gifted education",education
college of william & mary center for gifted education,education
"college of william & mary, center for gifted education",education
"college of william & mary, the center for gifted education",education
college of william & mary. center for gifted education,education
college of william and mary,education
"college of william and mary (williamsburg, va) center for gifted education",education
"college of william and mary (williamsburg, va) department of education. center for gifted education",education
"college of william and mary (williamsburg, va) school of education. center for gifted education",education
"college of william and mary (williamsburg, va) school of education. center for gifted education",education
"college of william and mary, for center for gifted education",education
"college of william and mary, williamsburg",education
"college of william and mary, williamsburg, va. marshall-wythe school of law",education
college of william and mary. center for gifted education,education
college of wooster,education
college of wooster (oh),education
college of wooster (oh) art museum,education
colorado college (colorado springs) hulbert center for southern studies,education
colorado college music press,education
"colorado college, colorado springs",education
"colorado college, colorado springs. biological science curriculum study",education
"colorado college, colorado springs. biological sciences ... study. center for education in human and medical genetics",education
"colorado college, colorado springs. biological sciences curriculum study",education
"colorado college, colorado springs. woman's educational society",education
columbia university. teachers college,education
columbia university. teachers college,education
columbia university. teachers college (new york),education
columbia university. teachers college press,education
columbia university. teachers college.,education
columbia university. teachers college. center for health promotion,education
columbia university. teachers college. institute for urban & minority education.,education
columbia university. teachers college. trustees. research center for arts and culture,education
columbia university. teachers collge,education
columbia university. teachers press,education
columbia university. teachers' college,education
"delaware state college, dover. outreach program to elementary schools",education
district of columbia. public schools,education
harvard university press,education
massachusetts institute of technology,education
temple university,education
university of california. regents,education
university of georgia press,education
university of hawai'i press,education
university of illinois. board of trustees,education
university of maryland (baltimore county),education
university of michigan,education
"university of nebraska, board of regents",education
university of notre dame. center for the study of judaism and christianity in antiquity,education
a. t. still university,education
a. t. still university - kirksville college of osteopathic medicine,education
a. t. still university of health sciences,education
earth institute at columbia university,education
"michigan state university, east lansing. olin health center",education
"michigan state university, east lansing. placement services",education
"michigan state university, east lansing. school of packaging",education
michigan state university. college of communication arts & sciences,education
"michigan state university. college of communication, arts & sciences",education
michigan technological university,education
"midwest marxist scholars conference, 4th, university of cincinnati, 1979",education
muskegon community college (mich.),education
the johns hopkins university press,education
the kent state university press,education
alabama public library service,government
alabama public television,government
alabama real estate commission,government
alameda county (ca),government
alameda county (ca) behavioral health care services,government
alameda county (ca) district attorney's office,government
alameda county (ca) office education,government
"burnet county, tex. commissioners court",government
delaware state chamber of commerce,government
delaware state police,government
delaware. department of health & social services. division of management services. birth to three program,government
delaware. department of health & social services. division of public health. office of psychological services,government
delaware. department of health and social services. division of child protective services.,government
delaware. department of health and social services. division of management services. birth to three program,government
delaware. department of public safety. office of highway safety,government
delaware. department of transportation,government
delaware. department of transportation. division of highways-planning and programming,government
delaware. department of transportation. division of highways. office of planning and programming,government
delaware. department of transportation. division of planning and policy. geographic information group,government
delaware. department of transportation. division of planning. geographic information section,government
delaware. department of transportation. office of planning. geographic information section,government
delaware. department of transprtation,government
district of columbia,government
district of columbia occupational information coordinating committee,government
hawaii state foundation on culture and the arts,government
district of columbia college access program,government
district of columbia college access program (dc-cap),government
east baton rouge parish (la.) district attorney's office,government
east baton rouge parish (la.) school board,government
'society for free radical biology and medicine,nonprofit
'society of applied research in memory and cognition,nonprofit
'taiwan association of obstetrics & gynecology,nonprofit
'taiwan institute of chemical engineers,nonprofit
'taiwan society of microbiology,nonprofit
'the american association for thoracic surgery,nonprofit
'the american college of foot and ankle surgeons,nonprofit
'the american congress of rehabilitation medicine,nonprofit
'the american gastroenterological association,nonprofit
'the american pain society,nonprofit
'the american society for surgery of the hand,nonprofit
'the american society of gene and cell therapy,nonprofit
'the american society of perianesthesia nurses,nonprofit
'the association for the study of animal behaviour,nonprofit
'the british association of oral and maxillofacial surgeons,nonprofit
'the foundation for professionals in services for adolescents,nonprofit
'the healthcare infection society,nonprofit
'the international society for the social studies,nonprofit
"'the national kidney foundation, inc.",nonprofit
"'the research centre for eco-environmental sciences, chinese academy of sciences",nonprofit
"'the societies sid, sisa and sinu and the department of clinical medicine and surgery at federico ii",nonprofit
"'the society for biotechnology, japan",nonprofit
'the society for range management,nonprofit
alamance county (nc) historical association,nonprofit
american academy of dermatology,nonprofit
"american academy of dermatology (schaumburg, il)",nonprofit
american academy of dermatology association,nonprofit
"american academy of dermatology, inc.",nonprofit
american academy of dermatology. committee on audiovisual education,nonprofit
american academy of diplomacy,nonprofit
american academy of emergency medicine,nonprofit
american academy of entomological sciences,nonprofit
american academy of environmental engineers,nonprofit
"american academy of estate planning attorney, inc.",nonprofit
"american academy of estate planning attorney's, inc.",nonprofit
"american academy of estate planning attorneys, inc.",nonprofit
american academy of experts in traumatic stress,nonprofit
american academy of facial plastic & reconstructive surgery,nonprofit
american academy of family phsicians,nonprofit
american academy of family physicians,nonprofit
american association of marriage and family therapy,nonprofit
american association of medical assistants,nonprofit
american association of medical assistants,nonprofit
american association of medical assistants certifying board,nonprofit
"american association of medical assistants, inc",nonprofit
"american association of medical assistants, inc.",nonprofit
american association of medical assistants. curriculum review board,nonprofit
american association of medical dosimetrics,nonprofit
american association of medical dosimetrists,nonprofit
american association of medical dosimetrists,nonprofit
american association of medical-legal review consultants,nonprofit
american association of medical/legal review consultants,nonprofit
american association of mental retardation,nonprofit
american association of motor vehicle administrators,nonprofit
american association of motor vehicle administrators (aamva),nonprofit
american association of motor vehicles administrators,nonprofit
"american association of motorcycle injury lawers, inc.",nonprofit
"american association of motorcycle injury lawyers, inc.",nonprofit
"american association of motorcyle injury lawyers, inc.",nonprofit
american association of museums,nonprofit
american association of museums. commissions on museums for a new century,nonprofit
american association of nephrology nurses and technicians,nonprofit
american association of neurciscience nurses,nonprofit
american association of neuro science nurses,nonprofit
american association of neurological surgeons,nonprofit
"american hippotheraphy association, inc.",nonprofit
"american hippotherapy association, inc.",nonprofit
american historial association,nonprofit
american historical association,nonprofit
american historical association,nonprofit
american historical association c/o the university of chicago,nonprofit
"american historical association, pacific coast branch",nonprofit
american historical assoication,nonprofit
"american historical foundation, ltd.",nonprofit
american historical press,nonprofit
american historical print collection society,nonprofit
american historical print collections society,nonprofit
american historical print collectiors society,nonprofit
american historical print collectors society,nonprofit
american hotel & motel association. educational institute,nonprofit
"american institute of certified public accountants, inc.",nonprofit
american nuclear society,nonprofit
american production and inventory control society,nonprofit
"american psychological association, inc.",nonprofit
"apco institute, inc.",nonprofit
astm international,nonprofit
boy scout of america,nonprofit
"boy scout troop 544, inc.",nonprofit
"boy scout troop 75, philadelphia",nonprofit
"boy scout troop 82, waukesha, wi",nonprofit
"boy scout troup, no. 208",nonprofit
boy scouts of america,nonprofit
boy scouts of america,nonprofit
boy scouts of america,nonprofit
boy scouts of america,nonprofit
boy scouts of america (employer of troy thorne),nonprofit
"boy scouts of america, inc. lake superior council, duluth",nonprofit
brookings institution,nonprofit
brookings institution (district of columbia),nonprofit
"brookings institution (washington, dc)",nonprofit
brookings institution press,nonprofit
"brookings institution, district of columbia",nonprofit
"brookings institution, washington, d. c.",nonprofit
brookings institutions,nonprofit
brookings instution,nonprofit
brookings joint center for regulatory studies,nonprofit
burnell foundation,nonprofit
burnett county historical society,nonprofit
"burnett county historical society (danbury, wi)",nonprofit
"campus teams, inc. institute in basic youth conflicts",nonprofit
church of scientology of california,nonprofit
church of scientology of california (los angeles),nonprofit
"church of scientology of california, los angeles",nonprofit
"church of scientology of california, losangeles",nonprofit
church of scientology of california.,nonprofit
church of scientology of minnesota,nonprofit
church of scientology of new york,nonprofit
church of scientology of texas,nonprofit
church of scientology of washington state,nonprofit
church of scientology ofcalifornia,nonprofit
"church of scientology religious education college, inc.",nonprofit
church of scientology. international,nonprofit
church of scientology. mission of orange county,nonprofit
church of scientology. mission of salt lake,nonprofit
church of scinetology international,nonprofit
church of spiritual of technology (los angeles),nonprofit
church of spiritual technolog,nonprofit
church of spiritual technology,nonprofit
college entrance examination board,nonprofit
college of american patholgists,nonprofit
college of american pathologies,nonprofit
college of american pathologist,nonprofit
college of american pathologists,nonprofit
"college of american pathologists (northfield, il)",nonprofit
"college of american pathologists, inc.",nonprofit
dangerous & legit publishing,nonprofit
delaware nature society,nonprofit
delaware nature society (hockessin),nonprofit
delaware valley havanese club,nonprofit
"district of columbia association of land surveyors, inc.",nonprofit
district of columbia hospital association,nonprofit
district of columbia library association,nonprofit
district of columbia medical record association,nonprofit
district of columbia nurses' association,nonprofit
"economics press, inc.",nonprofit
eugene o'neill society,nonprofit
"evantell, inc.",nonprofit
food bank for new york city,nonprofit
greater las vegas association of realtors,nonprofit
"house plan gallery, inc.",nonprofit
institute of electrical & electronics engineers,nonprofit
"institute of electrical and electronics engineers, inc.",nonprofit
international anesthesia research society,nonprofit
"international loss control institute, inc.",nonprofit
john w. carson foundation,nonprofit
joint council on economic education,nonprofit
"kenneth hagin ministries, inc.",nonprofit
mvl film finance llc,nonprofit
"national council on compensation insurance, inc.",nonprofit
"sage publications, inc.",nonprofit
"society for personality and social psychology, inc.",nonprofit
society of cable telecommunications engineers,nonprofit
southern orthopaedic association,nonprofit
unitarian universalist association,nonprofit
willis music company,nonprofit
wondering souls of n. c.,nonprofit
zanesville board of realtors,nonprofit
", american physical society",nonprofit
the california peace officer's association,nonprofit
the california province of the society of jesus,nonprofit
"the california society of radiologic technologists, inc.",nonprofit
lutheran church in america,nonprofit
lutheran church in america. board of publication,nonprofit
lutheran church in america. central pennsylvania synod.,nonprofit
lutheran church in america. division for mission in north america,nonprofit
lutheran church in america. division for parish services,nonprofit
lutheran church in america. division for professional leadership,nonprofit
lutheran church in america. division for world mission & ecumenism,nonprofit
lutheran church in america. florida synod. committee on women in church and society,nonprofit
lutheran church in america. lutheran church women,nonprofit
lutheran church in america. lutheran church women.,nonprofit
lutheran church in america. ohio synod,nonprofit
lutheran church in america. ohio synod. task force on criminal justice concerns,nonprofit
lutheran church missouri synod. florida-georgia district,nonprofit
lutheran church of america,nonprofit
"lutheran church of god's love (newton, pa)",nonprofit
"lutheran church of the ascension, danville, va.",nonprofit
lutheran church women,nonprofit
lutheran church--missouri synod,nonprofit
turner's syndrome society of the united states,nonprofit
united daughters of the confederacy. georga division,nonprofit
united methodist church (united states),nonprofit
united methodist women,nonprofit
"law librarians' society of washington, d. c. private law librarians' special interest section",nonprofit
"law librarians' society of washington, dc",nonprofit
learning disabilities association of california. orange county chapter,nonprofit
muslim american society-chicago chapter,nonprofit
"the institute of electrical and electronic engineers, inc.",nonprofit
"the institute of electrical and electronic engineers, inc.",nonprofit
the institute of electrical and electronics engineers,nonprofit
"the institute of electrical and electronics engineers, inc (ieee).",nonprofit
"the institute of electrical and electronics engineers, inc,.",nonprofit
"the institute of electrical and electronics engineers, inc.",nonprofit
"the institute of electrical and electronics engineers, inc. aerospace & electronic systems society",nonprofit
"the institute of electrical and electronics engineers, inc. communications society",nonprofit
"the institute of electrical and electronics engineers, inc. computer society",nonprofit
"the institute of electrical and electronics engineers, inc. united states activities board",nonprofit
polish national catholic church,nonprofit
12:00 am,other
0,other
3:01,other
3:16,other
4:20,other
4:21,other
4:40,other
5:01,other
7:30,other
8:33,other
9:10,other
10:01,other
0.45,other
16:16,other
1,other
2,other
3,other
3,other
4,other
4,other
4.4,other
6,other
7,other
7,other
8,other
8,other
9,other
9,other
9.11,other
10,other
11.11,other
14,other
20,other
20.2,other
24,other
33,other
33 1/3,other
42,other
44,other
50,other
54.4,other
77,other
79,other
80,other
1994:00:00,other
86,other
86,other
88,other
99,other
101,other
110,other
112,other
112,other
129,other
151,other
181,other
187,other
206,other
211,other
212,other
213,other
214,other
250,other
310,other
310,other
311,other
311,other
386,other
391,other
411,other
440,other
440,other
456,other
480,other
500,other
501,other
606,other
666,other
696,other
702,other
702,other
707,other
707,other
777,other
808,other
857,other
911,other
999,other
1134,other
1221,other
1234,other
1313,other
1492,other
1506,other
1621,other
1826,other
1927,other
1927,other
1935,other
1945,other
1949,other
1952,other
1957,other
1961,other
1963,other
1964,other
1965,other
1969,other
1970,other
1975,other
1977,other
1983,other
1984,other
1987,other
1989,other
1994,other
1997,other
2000,other
2001,other
2001,other
2002,other
2002,other
2005,other
2007,other
2008,other
2009,other
2010,other
2011,other
2014,other
2020,other
2062,other
2156,other
2629,other
3030,other
3349,other
5711,other
6240,other
6240,other
7669,other
9353,other
9353,other
13607 1/2,other
apr-56,other
21361,other
1/2/01,other
4/3/01,other
9/1/01,other
11-feb,other
2-mar,other
9-mar,other
20-apr,other
5-may,other
17-jun,other
45561,other
4-oct,other
31-oct,other
52510,other
113360,other
3160011,other
3243988,other
2679806533,other
4093543545,other
5034070342,other
8605112616,other
8605998095,other
_ash aria_,other
---,other
"!akimbo, pseud.",other
"""j""",other
"""mucc""",other
"""o"" the devil",other
"7th major, pseud.",other
"ace mr. promo, pseud.",other
"ace of spades, pseud., 1976-",other
"acnl, pseud.",other
"acoustic, pseud.",other
"act ii, pseud.",other
"ad, pseud.",other
"adam eden, pseud.",other
"adam evil, pseud.",other
"alabama rob, pseud.",other
apsit brothers of california,other
"burn-rate, pseud.",other
carol annamusik,other
"ceno, pseud.",other
"ceno, pseud.",other
"cicero, 107-43 b.c.",other
"cicero, pseud.",other
cotton mouth,other
"cotton, pseud.",other
"cougar, pseud.",other
"coughnut, pseud.",other
danger.,other
dangermouse,other
dangerous,other
daniel e.,other
daniel e. leffler trust,other
daniel e. sachs,other
daniel guerra,other
daniel hickey,other
"decay, pseud.",other
december,other
declaration,other
"dede, pseud.",other
"dee luv, pseud.",other
"dee peters, pseud.",other
"dee pop, pseud.",other
"dee r., pseud.",other
"dee ray, pseud.",other
"dee tee pee, pseud.",other
"dee-bone, pseud.",other
"delesprie, 1957-",other
disguise,other
"displacer, pseud.",other
"distruck, pseud.",other
"diva-n-christ, pseud.",other
"diva-n-christ, pseud.",other
"diva, pseud.",other
"divango, pseud.",other
estate of edward heath devany,other
"zanne, pseud.",other
"zap, pseud.",other
"goldwind, pseud.",other
"physent, pseud.",other
"ace-tek, pseud.",other
"ju-smoove, pseud.",other
"lyfe long, pseud.",other
"lyfe wills, pseud.",other
"lyfe, pseud.",other
"eastwood, pseud.",other
"eazy-e, pseud.",other
"lana, pseud.",other
"the greaseman, pseud.",other
"nina s, pseud.",other
